"filename", "language", "TypeScript", "vue", "Less", "HTML", "CSS", "JSON", "comment", "blank", "total"
"c:\学习\前端\Teitter\src\api\index.ts", "TypeScript", 101, 0, 0, 0, 0, 0, -1, 2, 102
"c:\学习\前端\Teitter\src\api\request.ts", "TypeScript", -3, 0, 0, 0, 0, 0, 0, 1, -2
"c:\学习\前端\Teitter\src\components\aside\theAside.vue", "vue", 0, 1, 0, 0, 0, 0, 0, 0, 1
"c:\学习\前端\Teitter\src\components\aside\userInfoCard.vue", "vue", 0, 3, 0, 0, 0, 0, 0, 0, 3
"c:\学习\前端\Teitter\src\components\editUserInfo.vue", "vue", 0, 350, 0, 0, 0, 0, 7, 12, 369
"c:\学习\前端\Teitter\src\components\mainArea\publishTeitter.vue", "vue", 0, 212, 0, 0, 0, 0, 0, 17, 229
"c:\学习\前端\Teitter\src\components\mainArea\theMainArea.vue", "vue", 0, -9, 0, 0, 0, 0, 0, 1, -8
"c:\学习\前端\Teitter\src\components\mainArea\theTeitterCard.vue", "vue", 0, 48, 0, 0, 0, 0, 0, 2, 50
"c:\学习\前端\Teitter\src\components\networkError.vue", "vue", 0, 35, 0, 0, 0, 0, 0, 3, 38
"c:\学习\前端\Teitter\src\components\statusPanel.vue", "vue", 0, 27, 0, 0, 0, 0, 0, 0, 27
"c:\学习\前端\Teitter\src\components\tweet\comment.vue", "vue", 0, 6, 0, 0, 0, 0, 0, 1, 7
"c:\学习\前端\Teitter\src\components\tweet\commentCard.vue", "vue", 0, 1, 0, 0, 0, 0, 0, 0, 1
"c:\学习\前端\Teitter\src\components\tweet\tweetInfoCard.vue", "vue", 0, 76, 0, 0, 0, 0, 0, 1, 77
"c:\学习\前端\Teitter\src\css\main.css", "CSS", 0, 0, 0, 0, 25, 0, 0, 1, 26
"c:\学习\前端\Teitter\src\font\demo_index.html", "HTML", 0, 0, 0, 83, 0, 0, 0, 13, 96
"c:\学习\前端\Teitter\src\font\iconfont.css", "CSS", 0, 0, 0, 0, 14, 0, 0, 4, 18
"c:\学习\前端\Teitter\src\font\iconfont.json", "JSON", 0, 0, 0, 0, 0, 28, 0, 0, 28
"c:\学习\前端\Teitter\src\interfaces\pubInterface.ts", "TypeScript", 6, 0, 0, 0, 0, 0, 0, 0, 6
"c:\学习\前端\Teitter\src\main.ts", "TypeScript", 2, 0, 0, 0, 0, 0, 0, 0, 2
"c:\学习\前端\Teitter\src\router\index.ts", "TypeScript", 29, 0, 0, 0, 0, 0, 0, 0, 29
"c:\学习\前端\Teitter\src\stores\teitter.ts", "TypeScript", 11, 0, 0, 0, 0, 0, 0, 2, 13
"c:\学习\前端\Teitter\src\style\main.less", "Less", 0, 0, 25, 0, 0, 0, 1, 4, 30
"c:\学习\前端\Teitter\src\utils\index.ts", "TypeScript", 63, 0, 0, 0, 0, 0, 13, 3, 79
"c:\学习\前端\Teitter\src\views\homePageView\accountView.vue", "vue", 0, 149, 0, 0, 0, 0, 0, 7, 156
"c:\学习\前端\Teitter\src\views\homePageView\mainView.vue", "vue", 0, 24, 0, 0, 0, 0, 0, 1, 25
"c:\学习\前端\Teitter\src\views\homePageView\searchView.vue", "vue", 0, 135, 0, 0, 0, 0, 0, 7, 142
"Total", "-", 209, 1058, 25, 83, 39, 28, 20, 82, 1544